{"xntp": {"1": {"all": {"tput": 11.947049240913172, "delay": 26.76, "loss": 0.0008268289456276889}, "1": {"tput": 11.947049240913172, "delay": 26.76, "loss": 0.0008268289456276889}}}}