{"xntp": {"1": {"all": {"tput": 11.934242175566908, "delay": 27.227, "loss": 0.0005627462014631268}, "1": {"tput": 11.934242175566908, "delay": 27.227, "loss": 0.0005627462014631268}}}}